Year,SettlementPoint,HourlyVolatility
2016,HB_WEST,0.2362316951330836
2017,HB_BUSAVG,0.341139773955729
2018,HB_BUSAVG,0.4616466313551484
2019,HB_PAN,0.7240414184755544
